MONTH_NAME,AVG_BIRTH
April,945.3875
August,951.4938928906984
December,951.1008455997495
February,904.9765146358067
January,928.116935483871
July,946.0856079404466
June,960.348717948718
March,926.4289702233251
May,959.3200992555832
November,963.2181229773463
October,985.8781709990604
September,981.742071197411
