month_name,avg_birth
January,928.116935483871
February,904.9765146358067
March,926.4289702233251
April,945.3875
May,959.3200992555832
June,960.348717948718
July,946.0856079404466
August,951.4938928906984
September,981.742071197411
October,985.8781709990604
November,963.2181229773463
December,951.1008455997495
